Workbook

Sheet l3_m1_lp2_mp0
B1: kmax1 | C1: kmax1 | D1: kmax1 | E1: kmax2 | F1: kmax2 | G1: kmax2 | H1: kmax3 | I1: kmax3 | J1: kmax3 | K1: kmax30 | L1: kmax30 | M1: kmax30 | N1: kmax40 | O1: kmax40 | P1: kmax40 | Q1: kmax50 | R1: kmax50 | S1: kmax50 | T1: kmax100 | U1: kmax100 | V1: kmax100 | W1: maxdegree10 | X1: tanh-sinh
A2: a | B2: A1 (Re) | C2: A2 (Re) | D2: Num (Re) | E2: A1 (Re) | F2: A2 (Re) | G2: Num (Re) | H2: A1 (Re) | I2: A2 (Re) | J2: Num (Re) | K2: A1 (Re) | L2: A2 (Re) | M2: Num (Re) | N2: A1 (Re) | O2: A2 (Re) | P2: Num (Re) | Q2: A1 (Re) | R2: A2 (Re) | S2: Num (Re) | T2: A1 (Re) | U2: A2 (Re) | V2: Num (Re) | W2: Num (Re) | X2: Num (Re)
A3: 0 | B3: -1.0308351 | C3: -1.0308351 | D3: -1.0308351 | E3: -1.0308351 | F3: -1.0308351 | G3: -1.0308351 | H3: -1.0308351 | I3: -1.0308351 | J3: -1.0308351 | K3: -1.0308351 | L3: -1.0308351 | M3: -1.0308351 | N3: -1.0308351 | O3: -1.0308351 | P3: -1.0308351 | Q3: -1.0308351 | R3: -1.0308351 | S3: -1.0308351 | T3: -1.0308351 | U3: -1.0308351 | V3: -1.0308351 | W3: -1.0308351 | X3: -1.0308351
A4: 0.2 | B4: -1.0239766 | C4: -1.0239766 | D4: -1.0209201 | E4: -1.0209174 | F4: -1.0209174 | G4: -1.0209201 | H4: -1.0209174 | I4: -1.0209174 | J4: -1.0209201 | K4: -1.02092 | L4: -1.02092 | M4: -1.0209201 | N4: -1.02092 | O4: -1.02092 | P4: -1.0209201 | Q4: -1.02092 | R4: -1.02092 | S4: -1.0209201 | T4: -1.02092 | U4: -1.02092 | V4: -1.0209201 | W4: -1.02092 | X4: -1.02092
A5: 0.4 | B5: -1.0035652 | C5: -1.0035652 | D5: -0.99147514 | E5: -0.99143301 | F5: -0.99143301 | G5: -0.99147514 | H5: -0.99143301 | I5: -0.99143301 | J5: -0.99147514 | K5: -0.99147511 | L5: -0.99147511 | M5: -0.99147514 | N5: -0.99147511 | O5: -0.99147511 | P5: -0.99147514 | Q5: -0.99147511 | R5: -0.99147511 | S5: -0.99147514 | T5: -0.99147511 | U5: -0.99147511 | V5: -0.99147514 | W5: -0.99147511 | X5: -0.99147511
A6: 0.6 | B6: -0.97008879 | C6: -0.97008879 | D6: -0.94339167 | E6: -0.94318009 | F6: -0.94318009 | G6: -0.94339167 | H6: -0.94318009 | I6: -0.94318009 | J6: -0.94339167 | K6: -0.94339164 | L6: -0.94339164 | M6: -0.94339167 | N6: -0.94339164 | O6: -0.94339164 | P6: -0.94339167 | Q6: -0.94339164 | R6: -0.94339164 | S6: -0.94339167 | T6: -0.94339164 | U6: -0.94339164 | V6: -0.94339167 | W6: -0.94339164 | X6: -0.94339164
A7: 0.8 | B7: -0.92434479 | C7: -0.92434479 | D7: -0.87812352 | E7: -0.87746189 | F7: -0.87746189 | G7: -0.87812352 | H7: -0.87746189 | I7: -0.87746189 | J7: -0.87812352 | K7: -0.8781235 | L7: -0.8781235 | M7: -0.87812352 | N7: -0.8781235 | O7: -0.8781235 | P7: -0.87812352 | Q7: -0.8781235 | R7: -0.8781235 | S7: -0.87812352 | T7: -0.8781235 | U7: -0.8781235 | V7: -0.87812352 | W7: -0.8781235 | X7: -0.8781235
A8: 1 | B8: -0.86741782 | C8: -0.86741782 | D8: -0.79764095 | E8: -0.79604738 | F8: -0.79604738 | G8: -0.79764095 | H8: -0.79604738 | I8: -0.79604738 | J8: -0.79764095 | K8: -0.79764093 | L8: -0.79764093 | M8: -0.79764095 | N8: -0.79764093 | O8: -0.79764093 | P8: -0.79764095 | Q8: -0.79764093 | R8: -0.79764093 | S8: -0.79764095 | T8: -0.79764093 | U8: -0.79764093 | V8: -0.79764095 | W8: -0.79764093 | X8: -0.79764093
A9: 1.2 | B9: -0.80064883 | C9: -0.80064883 | D9: -0.70436785 | E9: -0.7011178 | F9: -0.7011178 | G9: -0.70436785 | H9: -0.7011178 | I9: -0.7011178 | J9: -0.70436785 | K9: -0.70436784 | L9: -0.70436784 | M9: -0.70436785 | N9: -0.70436784 | O9: -0.70436784 | P9: -0.70436785 | Q9: -0.70436784 | R9: -0.70436784 | S9: -0.70436785 | T9: -0.70436784 | U9: -0.70436784 | V9: -0.70436785 | W9: -0.70436784 | X9: -0.70436784
A10: 1.4 | B10: -0.72559726 | C10: -0.72559726 | D10: -0.60110483 | E10: -0.5952009 | F10: -0.5952009 | G10: -0.60110483 | H10: -0.5952009 | I10: -0.5952009 | J10: -0.60110483 | K10: -0.60110482 | L10: -0.60110482 | M10: -0.60110483 | N10: -0.60110482 | O10: -0.60110482 | P10: -0.60110483 | Q10: -0.60110482 | R10: -0.60110482 | S10: -0.60110483 | T10: -0.60110482 | U10: -0.60110482 | V10: -0.60110483 | W10: -0.60110482 | X10: -0.60110482
A11: 1.6 | B11: -0.64399722 | C11: -0.64399722 | D11: -0.49094036 | E11: -0.48109506 | F11: -0.48109506 | G11: -0.49094036 | H11: -0.48109506 | I11: -0.48109506 | J11: -0.49094036 | K11: -0.49094036 | L11: -0.49094036 | M11: -0.49094036 | N11: -0.49094036 | O11: -0.49094036 | P11: -0.49094036 | Q11: -0.49094036 | R11: -0.49094036 | S11: -0.49094036 | T11: -0.49094036 | U11: -0.49094036 | V11: -0.49094036 | W11: -0.49094036 | X11: -0.49094036
A12: 1.8 | B12: -0.55770906 | C12: -0.55770906 | D12: -0.37715309 | E12: -0.36178565 | F12: -0.36178565 | G12: -0.37715309 | H12: -0.36178565 | I12: -0.36178565 | J12: -0.37715309 | K12: -0.37715309 | L12: -0.37715309 | M12: -0.37715309 | N12: -0.37715309 | O12: -0.37715309 | P12: -0.37715309 | Q12: -0.37715309 | R12: -0.37715309 | S12: -0.37715309 | T12: -0.37715309 | U12: -0.37715309 | V12: -0.37715309 | W12: -0.37715309 | X12: -0.37715309
A13: 2 | B13: -0.46866785 | C13: -0.46866785 | D13: -0.26310833 | E13: -0.24035634 | F13: -0.24035634 | G13: -0.26310833 | H13: -0.24035634 | I13: -0.24035634 | J13: -0.26310833 | K13: -0.26310835 | L13: -0.26310835 | M13: -0.26310833 | N13: -0.26310835 | O13: -0.26310835 | P13: -0.26310833 | Q13: -0.26310835 | R13: -0.26310835 | S13: -0.26310833 | T13: -0.26310835 | U13: -0.26310835 | V13: -0.26310833 | W13: -0.26310835 | X13: -0.26310835
A14: 2.2 | B14: -0.37883021 | C14: -0.37883021 | D14: -0.15215227 | E14: -0.11989813 | F14: -0.11989813 | G14: -0.15215227 | H14: -0.11989813 | I14: -0.11989813 | J14: -0.15215227 | K14: -0.15215229 | L14: -0.15215229 | M14: -0.15215227 | N14: -0.15215229 | O14: -0.15215229 | P14: -0.15215227 | Q14: -0.15215229 | R14: -0.15215229 | S14: -0.15215227 | T14: -0.15215229 | U14: -0.15215229 | V14: -0.15215227 | W14: -0.15215229 | X14: -0.15215229
... A253: 50 | B253: 0.0054093041 | C253: 0.0054093041 | D253: 0.032653414 | E253: 0.010107014 | F253: 0.010107014 | G253: 0.032653414 | H253: 0.010107014 | I253: 0.010107014 | J253: 0.032653414 | K253: 0.033040622 | L253: 0.033040622 | M253: 0.032653414 | N253: 0.0324748 | O253: 0.0324748 | P253: 0.032653414 | Q253: 0.032593457 | R253: 0.032593457 | S253: 0.032653414 | T253: 0.032653444 | U253: 0.032653444 | V253: 0.032653414 | W253: 0.032653443 | X253: 0.032653444

Sheet delta |Num - MD TS|
A2: a | B2: |Num - MD| | C2: |Num - TS| | D2: |MD - TS|
A3: 0 | B3: =ABS(l3_m1_lp2_mp0!D3-l3_m1_lp2_mp0!W3) -> 3.03e-08 | C3: =ABS(l3_m1_lp2_mp0!D3-l3_m1_lp2_mp0!X3) -> 3.07e-08 | D3: =ABS(l3_m1_lp2_mp0!W3-l3_m1_lp2_mp0!X3) -> 4.0000003e-10
A4: 0.2 | B4: =ABS(l3_m1_lp2_mp0!D4-l3_m1_lp2_mp0!W4) -> 2.97e-08 | C4: =ABS(l3_m1_lp2_mp0!D4-l3_m1_lp2_mp0!X4) -> 3.01e-08 | D4: =ABS(l3_m1_lp2_mp0!W4-l3_m1_lp2_mp0!X4) -> 3.9999981e-10
A5: 0.4 | B5: =ABS(l3_m1_lp2_mp0!D5-l3_m1_lp2_mp0!W5) -> 2.78e-08 | C5: =ABS(l3_m1_lp2_mp0!D5-l3_m1_lp2_mp0!X5) -> 2.83e-08 | D5: =ABS(l3_m1_lp2_mp0!W5-l3_m1_lp2_mp0!X5) -> 4.9999993e-10
A6: 0.6 | B6: =ABS(l3_m1_lp2_mp0!D6-l3_m1_lp2_mp0!W6) -> 2.5e-08 | C6: =ABS(l3_m1_lp2_mp0!D6-l3_m1_lp2_mp0!X6) -> 2.54e-08 | D6: =ABS(l3_m1_lp2_mp0!W6-l3_m1_lp2_mp0!X6) -> 4.0000003e-10
A7: 0.8 | B7: =ABS(l3_m1_lp2_mp0!D7-l3_m1_lp2_mp0!W7) -> 2.11e-08 | C7: =ABS(l3_m1_lp2_mp0!D7-l3_m1_lp2_mp0!X7) -> 2.15e-08 | D7: =ABS(l3_m1_lp2_mp0!W7-l3_m1_lp2_mp0!X7) -> 4.0000003e-10
A8: 1 | B8: =ABS(l3_m1_lp2_mp0!D8-l3_m1_lp2_mp0!W8) -> 1.63e-08 | C8: =ABS(l3_m1_lp2_mp0!D8-l3_m1_lp2_mp0!X8) -> 1.66e-08 | D8: =ABS(l3_m1_lp2_mp0!W8-l3_m1_lp2_mp0!X8) -> 3.0000002e-10
A9: 1.2 | B9: =ABS(l3_m1_lp2_mp0!D9-l3_m1_lp2_mp0!W9) -> 1.1e-08 | C9: =ABS(l3_m1_lp2_mp0!D9-l3_m1_lp2_mp0!X9) -> 1.12e-08 | D9: =ABS(l3_m1_lp2_mp0!W9-l3_m1_lp2_mp0!X9) -> 2.0000002e-10
A10: 1.4 | B10: =ABS(l3_m1_lp2_mp0!D10-l3_m1_lp2_mp0!W10) -> 5.1e-09 | C10: =ABS(l3_m1_lp2_mp0!D10-l3_m1_lp2_mp0!X10) -> 5.2e-09 | D10: =ABS(l3_m1_lp2_mp0!W10-l3_m1_lp2_mp0!X10) -> 1.0000001e-10
A11: 1.6 | B11: =ABS(l3_m1_lp2_mp0!D11-l3_m1_lp2_mp0!W11) -> 9.0000002e-10 | C11: =ABS(l3_m1_lp2_mp0!D11-l3_m1_lp2_mp0!X11) -> 9.0000002e-10 | D11: =ABS(l3_m1_lp2_mp0!W11-l3_m1_lp2_mp0!X11) -> 0
A12: 1.8 | B12: =ABS(l3_m1_lp2_mp0!D12-l3_m1_lp2_mp0!W12) -> 6.9e-09 | C12: =ABS(l3_m1_lp2_mp0!D12-l3_m1_lp2_mp0!X12) -> 7e-09 | D12: =ABS(l3_m1_lp2_mp0!W12-l3_m1_lp2_mp0!X12) -> 9.9999953e-11
A13: 2 | B13: =ABS(l3_m1_lp2_mp0!D13-l3_m1_lp2_mp0!W13) -> 1.26e-08 | C13: =ABS(l3_m1_lp2_mp0!D13-l3_m1_lp2_mp0!X13) -> 1.28e-08 | D13: =ABS(l3_m1_lp2_mp0!W13-l3_m1_lp2_mp0!X13) -> 2.0000002e-10
A14: 2.2 | B14: =ABS(l3_m1_lp2_mp0!D14-l3_m1_lp2_mp0!W14) -> 1.78e-08 | C14: =ABS(l3_m1_lp2_mp0!D14-l3_m1_lp2_mp0!X14) -> 1.81e-08 | D14: =ABS(l3_m1_lp2_mp0!W14-l3_m1_lp2_mp0!X14) -> 3e-10
... A253: 50 | B253: =ABS(l3_m1_lp2_mp0!D253-l3_m1_lp2_mp0!W253) -> 2.92e-08 | C253: =ABS(l3_m1_lp2_mp0!D253-l3_m1_lp2_mp0!X253) -> 2.97e-08 | D253: =ABS(l3_m1_lp2_mp0!W253-l3_m1_lp2_mp0!X253) -> 5e-10

Sheet delta l3_m1_lp2_mp0
B1: kmax1 | C1: kmax1 | D1: kmax1 | E1: kmax1 | F1: kmax2 | G1: kmax2 | H1: kmax2 | I1: kmax2 | J1: kmax3 | K1: kmax3 | L1: kmax3 | M1: kmax3 | N1: kmax30 | O1: kmax30 | P1: kmax30 | Q1: kmax30 | R1: kmax40 | S1: kmax40 | T1: kmax40 | U1: kmax40 | V1: kmax50 | W1: kmax50 | X1: kmax50 | Y1: kmax50 | Z1: kmax100 | AA1: kmax100 | AB1: kmax100 | AC1: kmax100
A2: a | B2: |A1 - A2| | C2: |A1 - Num| | D2: |A1 - MD| | E2: |A1 - TS| | F2: |A1 - A2| | G2: |A1 - Num| | H2: |A1 - MD| | I2: |A1 - TS| | J2: |A1 - A2| | K2: |A1 - Num| | L2: |A1 - MD| | M2: |A1 - TS| | N2: |A1 - A2| | O2: |A1 - Num| | P2: |A1 - MD| | Q2: |A1 - TS| | R2: |A1 - A2| | S2: |A1 - Num| | T2: |A1 - MD| | U2: |A1 - TS| | V2: |A1 - A2| | W2: |A1 - Num| | X2: |A1 - MD| | Y2: |A1 - TS| | Z2: |A1 - A2| | AA2: |A1 - Num| | AB2: |A1 - MD| | AC2: |A1 - TS|
A3: 0 | B3: =ABS(l3_m1_lp2_mp0!B3-l3_m1_lp2_mp0!C3) -> 0 | C3: =ABS(l3_m1_lp2_mp0!B3-l3_m1_lp2_mp0!D3) -> 3.07e-08 | D3: =ABS(l3_m1_lp2_mp0!B3-l3_m1_lp2_mp0!W3) -> 4.0000003e-10 | E3: =ABS(l3_m1_lp2_mp0!B3-l3_m1_lp2_mp0!X3) -> 0 | F3: =ABS(l3_m1_lp2_mp0!E3-l3_m1_lp2_mp0!F3) -> 0 | G3: =ABS(l3_m1_lp2_mp0!E3-l3_m1_lp2_mp0!G3) -> 3.07e-08 | H3: =ABS(l3_m1_lp2_mp0!E3-l3_m1_lp2_mp0!W3) -> 4.0000003e-10 | I3: =ABS(l3_m1_lp2_mp0!E3-l3_m1_lp2_mp0!X3) -> 0 | J3: =ABS(l3_m1_lp2_mp0!H3-l3_m1_lp2_mp0!I3) -> 0 | K3: =ABS(l3_m1_lp2_mp0!H3-l3_m1_lp2_mp0!J3) -> 3.07e-08 | L3: =ABS(l3_m1_lp2_mp0!H3-l3_m1_lp2_mp0!W3) -> 4.0000003e-10 | M3: =ABS(l3_m1_lp2_mp0!H3-l3_m1_lp2_mp0!X3) -> 0 | N3: =ABS(l3_m1_lp2_mp0!K3-l3_m1_lp2_mp0!L3) -> 0 | O3: =ABS(l3_m1_lp2_mp0!K3-l3_m1_lp2_mp0!M3) -> 3.07e-08 | P3: =ABS(l3_m1_lp2_mp0!K3-l3_m1_lp2_mp0!W3) -> 4.0000003e-10 | Q3: =ABS(l3_m1_lp2_mp0!K3-l3_m1_lp2_mp0!X3) -> 0 | R3: =ABS(l3_m1_lp2_mp0!N3-l3_m1_lp2_mp0!O3) -> 0 | S3: =ABS(l3_m1_lp2_mp0!N3-l3_m1_lp2_mp0!P3) -> 3.07e-08 | T3: =ABS(l3_m1_lp2_mp0!N3-l3_m1_lp2_mp0!W3) -> 4.0000003e-10 | U3: =ABS(l3_m1_lp2_mp0!N3-l3_m1_lp2_mp0!X3) -> 0 | V3: =ABS(l3_m1_lp2_mp0!Q3-l3_m1_lp2_mp0!R3) -> 0 | W3: =ABS(l3_m1_lp2_mp0!Q3-l3_m1_lp2_mp0!S3) -> 3.07e-08 | X3: =ABS(l3_m1_lp2_mp0!Q3-l3_m1_lp2_mp0!W3) -> 4.0000003e-10 | Y3: =ABS(l3_m1_lp2_mp0!Q3-l3_m1_lp2_mp0!X3) -> 0 | Z3: =ABS(l3_m1_lp2_mp0!T3-l3_m1_lp2_mp0!U3) -> 0 | AA3: =ABS(l3_m1_lp2_mp0!T3-l3_m1_lp2_mp0!V3) -> 3.07e-08 | AB3: =ABS(l3_m1_lp2_mp0!T3-l3_m1_lp2_mp0!W3) -> 4.0000003e-10 | AC3: =ABS(l3_m1_lp2_mp0!T3-l3_m1_lp2_mp0!X3) -> 0
A4: 0.2 | B4: =ABS(l3_m1_lp2_mp0!B4-l3_m1_lp2_mp0!C4) -> 0 | C4: =ABS(l3_m1_lp2_mp0!B4-l3_m1_lp2_mp0!D4) -> 0.0030565323 | D4: =ABS(l3_m1_lp2_mp0!B4-l3_m1_lp2_mp0!W4) -> 0.003056562 | E4: =ABS(l3_m1_lp2_mp0!B4-l3_m1_lp2_mp0!X4) -> 0.0030565624 | F4: =ABS(l3_m1_lp2_mp0!E4-l3_m1_lp2_mp0!F4) -> 0 | G4: =ABS(l3_m1_lp2_mp0!E4-l3_m1_lp2_mp0!G4) -> 2.6734e-06 | H4: =ABS(l3_m1_lp2_mp0!E4-l3_m1_lp2_mp0!W4) -> 2.6437e-06 | I4: =ABS(l3_m1_lp2_mp0!E4-l3_m1_lp2_mp0!X4) -> 2.6433e-06 | J4: =ABS(l3_m1_lp2_mp0!H4-l3_m1_lp2_mp0!I4) -> 0 | K4: =ABS(l3_m1_lp2_mp0!H4-l3_m1_lp2_mp0!J4) -> 2.6734e-06 | L4: =ABS(l3_m1_lp2_mp0!H4-l3_m1_lp2_mp0!W4) -> 2.6437e-06 | M4: =ABS(l3_m1_lp2_mp0!H4-l3_m1_lp2_mp0!X4) -> 2.6433e-06 | N4: =ABS(l3_m1_lp2_mp0!K4-l3_m1_lp2_mp0!L4) -> 0 | O4: =ABS(l3_m1_lp2_mp0!K4-l3_m1_lp2_mp0!M4) -> 3.01e-08 | P4: =ABS(l3_m1_lp2_mp0!K4-l3_m1_lp2_mp0!W4) -> 3.9999981e-10 | Q4: =ABS(l3_m1_lp2_mp0!K4-l3_m1_lp2_mp0!X4) -> 0 | R4: =ABS(l3_m1_lp2_mp0!N4-l3_m1_lp2_mp0!O4) -> 0 | S4: =ABS(l3_m1_lp2_mp0!N4-l3_m1_lp2_mp0!P4) -> 3.01e-08 | T4: =ABS(l3_m1_lp2_mp0!N4-l3_m1_lp2_mp0!W4) -> 3.9999981e-10 | U4: =ABS(l3_m1_lp2_mp0!N4-l3_m1_lp2_mp0!X4) -> 0 | V4: =ABS(l3_m1_lp2_mp0!Q4-l3_m1_lp2_mp0!R4) -> 0 | W4: =ABS(l3_m1_lp2_mp0!Q4-l3_m1_lp2_mp0!S4) -> 3.01e-08 | X4: =ABS(l3_m1_lp2_mp0!Q4-l3_m1_lp2_mp0!W4) -> 3.9999981e-10 | Y4: =ABS(l3_m1_lp2_mp0!Q4-l3_m1_lp2_mp0!X4) -> 0 | Z4: =ABS(l3_m1_lp2_mp0!T4-l3_m1_lp2_mp0!U4) -> 0 | AA4: =ABS(l3_m1_lp2_mp0!T4-l3_m1_lp2_mp0!V4) -> 3.01e-08 | AB4: =ABS(l3_m1_lp2_mp0!T4-l3_m1_lp2_mp0!W4) -> 3.9999981e-10 | AC4: =ABS(l3_m1_lp2_mp0!T4-l3_m1_lp2_mp0!X4) -> 0
A5: 0.4 | B5: =ABS(l3_m1_lp2_mp0!B5-l3_m1_lp2_mp0!C5) -> 0 | C5: =ABS(l3_m1_lp2_mp0!B5-l3_m1_lp2_mp0!D5) -> 0.012090088 | D5: =ABS(l3_m1_lp2_mp0!B5-l3_m1_lp2_mp0!W5) -> 0.012090116 | E5: =ABS(l3_m1_lp2_mp0!B5-l3_m1_lp2_mp0!X5) -> 0.012090116 | F5: =ABS(l3_m1_lp2_mp0!E5-l3_m1_lp2_mp0!F5) -> 0 | G5: =ABS(l3_m1_lp2_mp0!E5-l3_m1_lp2_mp0!G5) -> 4.21306e-05 | H5: =ABS(l3_m1_lp2_mp0!E5-l3_m1_lp2_mp0!W5) -> 4.21028e-05 | I5: =ABS(l3_m1_lp2_mp0!E5-l3_m1_lp2_mp0!X5) -> 4.21023e-05 | J5: =ABS(l3_m1_lp2_mp0!H5-l3_m1_lp2_mp0!I5) -> 0 | K5: =ABS(l3_m1_lp2_mp0!H5-l3_m1_lp2_mp0!J5) -> 4.21306e-05 | L5: =ABS(l3_m1_lp2_mp0!H5-l3_m1_lp2_mp0!W5) -> 4.21028e-05 | M5: =ABS(l3_m1_lp2_mp0!H5-l3_m1_lp2_mp0!X5) -> 4.21023e-05 | N5: =ABS(l3_m1_lp2_mp0!K5-l3_m1_lp2_mp0!L5) -> 0 | O5: =ABS(l3_m1_lp2_mp0!K5-l3_m1_lp2_mp0!M5) -> 2.83e-08 | P5: =ABS(l3_m1_lp2_mp0!K5-l3_m1_lp2_mp0!W5) -> 4.9999993e-10 | Q5: =ABS(l3_m1_lp2_mp0!K5-l3_m1_lp2_mp0!X5) -> 0 | R5: =ABS(l3_m1_lp2_mp0!N5-l3_m1_lp2_mp0!O5) -> 0 | S5: =ABS(l3_m1_lp2_mp0!N5-l3_m1_lp2_mp0!P5) -> 2.83e-08 | T5: =ABS(l3_m1_lp2_mp0!N5-l3_m1_lp2_mp0!W5) -> 4.9999993e-10 | U5: =ABS(l3_m1_lp2_mp0!N5-l3_m1_lp2_mp0!X5) -> 0 | V5: =ABS(l3_m1_lp2_mp0!Q5-l3_m1_lp2_mp0!R5) -> 0 | W5: =ABS(l3_m1_lp2_mp0!Q5-l3_m1_lp2_mp0!S5) -> 2.83e-08 | X5: =ABS(l3_m1_lp2_mp0!Q5-l3_m1_lp2_mp0!W5) -> 4.9999993e-10 | Y5: =ABS(l3_m1_lp2_mp0!Q5-l3_m1_lp2_mp0!X5) -> 0 | Z5: =ABS(l3_m1_lp2_mp0!T5-l3_m1_lp2_mp0!U5) -> 0 | AA5: =ABS(l3_m1_lp2_mp0!T5-l3_m1_lp2_mp0!V5) -> 2.83e-08 | AB5: =ABS(l3_m1_lp2_mp0!T5-l3_m1_lp2_mp0!W5) -> 4.9999993e-10 | AC5: =ABS(l3_m1_lp2_mp0!T5-l3_m1_lp2_mp0!X5) -> 0
A6: 0.6 | B6: =ABS(l3_m1_lp2_mp0!B6-l3_m1_lp2_mp0!C6) -> 0 | C6: =ABS(l3_m1_lp2_mp0!B6-l3_m1_lp2_mp0!D6) -> 0.026697125 | D6: =ABS(l3_m1_lp2_mp0!B6-l3_m1_lp2_mp0!W6) -> 0.02669715 | E6: =ABS(l3_m1_lp2_mp0!B6-l3_m1_lp2_mp0!X6) -> 0.026697151 | F6: =ABS(l3_m1_lp2_mp0!E6-l3_m1_lp2_mp0!F6) -> 0 | G6: =ABS(l3_m1_lp2_mp0!E6-l3_m1_lp2_mp0!G6) -> 0.0002115764 | H6: =ABS(l3_m1_lp2_mp0!E6-l3_m1_lp2_mp0!W6) -> 0.0002115514 | I6: =ABS(l3_m1_lp2_mp0!E6-l3_m1_lp2_mp0!X6) -> 0.000211551 | J6: =ABS(l3_m1_lp2_mp0!H6-l3_m1_lp2_mp0!I6) -> 0 | K6: =ABS(l3_m1_lp2_mp0!H6-l3_m1_lp2_mp0!J6) -> 0.0002115764 | L6: =ABS(l3_m1_lp2_mp0!H6-l3_m1_lp2_mp0!W6) -> 0.0002115514 | M6: =ABS(l3_m1_lp2_mp0!H6-l3_m1_lp2_mp0!X6) -> 0.000211551 | N6: =ABS(l3_m1_lp2_mp0!K6-l3_m1_lp2_mp0!L6) -> 0 | O6: =ABS(l3_m1_lp2_mp0!K6-l3_m1_lp2_mp0!M6) -> 2.54e-08 | P6: =ABS(l3_m1_lp2_mp0!K6-l3_m1_lp2_mp0!W6) -> 4.0000003e-10 | Q6: =ABS(l3_m1_lp2_mp0!K6-l3_m1_lp2_mp0!X6) -> 0 | R6: =ABS(l3_m1_lp2_mp0!N6-l3_m1_lp2_mp0!O6) -> 0 | S6: =ABS(l3_m1_lp2_mp0!N6-l3_m1_lp2_mp0!P6) -> 2.54e-08 | T6: =ABS(l3_m1_lp2_mp0!N6-l3_m1_lp2_mp0!W6) -> 4.0000003e-10 | U6: =ABS(l3_m1_lp2_mp0!N6-l3_m1_lp2_mp0!X6) -> 0 | V6: =ABS(l3_m1_lp2_mp0!Q6-l3_m1_lp2_mp0!R6) -> 0 | W6: =ABS(l3_m1_lp2_mp0!Q6-l3_m1_lp2_mp0!S6) -> 2.54e-08 | X6: =ABS(l3_m1_lp2_mp0!Q6-l3_m1_lp2_mp0!W6) -> 4.0000003e-10 | Y6: =ABS(l3_m1_lp2_mp0!Q6-l3_m1_lp2_mp0!X6) -> 0 | Z6: =ABS(l3_m1_lp2_mp0!T6-l3_m1_lp2_mp0!U6) -> 0 | AA6: =ABS(l3_m1_lp2_mp0!T6-l3_m1_lp2_mp0!V6) -> 2.54e-08 | AB6: =ABS(l3_m1_lp2_mp0!T6-l3_m1_lp2_mp0!W6) -> 4.0000003e-10 | AC6: =ABS(l3_m1_lp2_mp0!T6-l3_m1_lp2_mp0!X6) -> 0
A7: 0.8 | B7: =ABS(l3_m1_lp2_mp0!B7-l3_m1_lp2_mp0!C7) -> 0 | C7: =ABS(l3_m1_lp2_mp0!B7-l3_m1_lp2_mp0!D7) -> 0.046221263 | D7: =ABS(l3_m1_lp2_mp0!B7-l3_m1_lp2_mp0!W7) -> 0.046221284 | E7: =ABS(l3_m1_lp2_mp0!B7-l3_m1_lp2_mp0!X7) -> 0.046221285 | F7: =ABS(l3_m1_lp2_mp0!E7-l3_m1_lp2_mp0!F7) -> 0 | G7: =ABS(l3_m1_lp2_mp0!E7-l3_m1_lp2_mp0!G7) -> 0.0006616362 | H7: =ABS(l3_m1_lp2_mp0!E7-l3_m1_lp2_mp0!W7) -> 0.0006616151 | I7: =ABS(l3_m1_lp2_mp0!E7-l3_m1_lp2_mp0!X7) -> 0.0006616147 | J7: =ABS(l3_m1_lp2_mp0!H7-l3_m1_lp2_mp0!I7) -> 0 | K7: =ABS(l3_m1_lp2_mp0!H7-l3_m1_lp2_mp0!J7) -> 0.0006616362 | L7: =ABS(l3_m1_lp2_mp0!H7-l3_m1_lp2_mp0!W7) -> 0.0006616151 | M7: =ABS(l3_m1_lp2_mp0!H7-l3_m1_lp2_mp0!X7) -> 0.0006616147 | N7: =ABS(l3_m1_lp2_mp0!K7-l3_m1_lp2_mp0!L7) -> 0 | O7: =ABS(l3_m1_lp2_mp0!K7-l3_m1_lp2_mp0!M7) -> 2.15e-08 | P7: =ABS(l3_m1_lp2_mp0!K7-l3_m1_lp2_mp0!W7) -> 4.0000003e-10 | Q7: =ABS(l3_m1_lp2_mp0!K7-l3_m1_lp2_mp0!X7) -> 0 | R7: =ABS(l3_m1_lp2_mp0!N7-l3_m1_lp2_mp0!O7) -> 0 | S7: =ABS(l3_m1_lp2_mp0!N7-l3_m1_lp2_mp0!P7) -> 2.15e-08 | T7: =ABS(l3_m1_lp2_mp0!N7-l3_m1_lp2_mp0!W7) -> 4.0000003e-10 | U7: =ABS(l3_m1_lp2_mp0!N7-l3_m1_lp2_mp0!X7) -> 0 | V7: =ABS(l3_m1_lp2_mp0!Q7-l3_m1_lp2_mp0!R7) -> 0 | W7: =ABS(l3_m1_lp2_mp0!Q7-l3_m1_lp2_mp0!S7) -> 2.15e-08 | X7: =ABS(l3_m1_lp2_mp0!Q7-l3_m1_lp2_mp0!W7) -> 4.0000003e-10 | Y7: =ABS(l3_m1_lp2_mp0!Q7-l3_m1_lp2_mp0!X7) -> 0 | Z7: =ABS(l3_m1_lp2_mp0!T7-l3_m1_lp2_mp0!U7) -> 0 | AA7: =ABS(l3_m1_lp2_mp0!T7-l3_m1_lp2_mp0!V7) -> 2.15e-08 | AB7: =ABS(l3_m1_lp2_mp0!T7-l3_m1_lp2_mp0!W7) -> 4.0000003e-10 | AC7: =ABS(l3_m1_lp2_mp0!T7-l3_m1_lp2_mp0!X7) -> 0
A8: 1 | B8: =ABS(l3_m1_lp2_mp0!B8-l3_m1_lp2_mp0!C8) -> 0 | C8: =ABS(l3_m1_lp2_mp0!B8-l3_m1_lp2_mp0!D8) -> 0.069776867 | D8: =ABS(l3_m1_lp2_mp0!B8-l3_m1_lp2_mp0!W8) -> 0.069776884 | E8: =ABS(l3_m1_lp2_mp0!B8-l3_m1_lp2_mp0!X8) -> 0.069776884 | F8: =ABS(l3_m1_lp2_mp0!E8-l3_m1_lp2_mp0!F8) -> 0 | G8: =ABS(l3_m1_lp2_mp0!E8-l3_m1_lp2_mp0!G8) -> 0.0015935662 | H8: =ABS(l3_m1_lp2_mp0!E8-l3_m1_lp2_mp0!W8) -> 0.0015935499 | I8: =ABS(l3_m1_lp2_mp0!E8-l3_m1_lp2_mp0!X8) -> 0.0015935496 | J8: =ABS(l3_m1_lp2_mp0!H8-l3_m1_lp2_mp0!I8) -> 0 | K8: =ABS(l3_m1_lp2_mp0!H8-l3_m1_lp2_mp0!J8) -> 0.0015935662 | L8: =ABS(l3_m1_lp2_mp0!H8-l3_m1_lp2_mp0!W8) -> 0.0015935499 | M8: =ABS(l3_m1_lp2_mp0!H8-l3_m1_lp2_mp0!X8) -> 0.0015935496 | N8: =ABS(l3_m1_lp2_mp0!K8-l3_m1_lp2_mp0!L8) -> 0 | O8: =ABS(l3_m1_lp2_mp0!K8-l3_m1_lp2_mp0!M8) -> 1.66e-08 | P8: =ABS(l3_m1_lp2_mp0!K8-l3_m1_lp2_mp0!W8) -> 3.0000002e-10 | Q8: =ABS(l3_m1_lp2_mp0!K8-l3_m1_lp2_mp0!X8) -> 0 | R8: =ABS(l3_m1_lp2_mp0!N8-l3_m1_lp2_mp0!O8) -> 0 | S8: =ABS(l3_m1_lp2_mp0!N8-l3_m1_lp2_mp0!P8) -> 1.66e-08 | T8: =ABS(l3_m1_lp2_mp0!N8-l3_m1_lp2_mp0!W8) -> 3.0000002e-10 | U8: =ABS(l3_m1_lp2_mp0!N8-l3_m1_lp2_mp0!X8) -> 0 | V8: =ABS(l3_m1_lp2_mp0!Q8-l3_m1_lp2_mp0!R8) -> 0 | W8: =ABS(l3_m1_lp2_mp0!Q8-l3_m1_lp2_mp0!S8) -> 1.66e-08 | X8: =ABS(l3_m1_lp2_mp0!Q8-l3_m1_lp2_mp0!W8) -> 3.0000002e-10 | Y8: =ABS(l3_m1_lp2_mp0!Q8-l3_m1_lp2_mp0!X8) -> 0 | Z8: =ABS(l3_m1_lp2_mp0!T8-l3_m1_lp2_mp0!U8) -> 0 | AA8: =ABS(l3_m1_lp2_mp0!T8-l3_m1_lp2_mp0!V8) -> 1.66e-08 | AB8: =ABS(l3_m1_lp2_mp0!T8-l3_m1_lp2_mp0!W8) -> 3.0000002e-10 | AC8: =ABS(l3_m1_lp2_mp0!T8-l3_m1_lp2_mp0!X8) -> 0
A9: 1.2 | B9: =ABS(l3_m1_lp2_mp0!B9-l3_m1_lp2_mp0!C9) -> 0 | C9: =ABS(l3_m1_lp2_mp0!B9-l3_m1_lp2_mp0!D9) -> 0.096280976 | D9: =ABS(l3_m1_lp2_mp0!B9-l3_m1_lp2_mp0!W9) -> 0.096280987 | E9: =ABS(l3_m1_lp2_mp0!B9-l3_m1_lp2_mp0!X9) -> 0.096280987 | F9: =ABS(l3_m1_lp2_mp0!E9-l3_m1_lp2_mp0!F9) -> 0 | G9: =ABS(l3_m1_lp2_mp0!E9-l3_m1_lp2_mp0!G9) -> 0.0032500477 | H9: =ABS(l3_m1_lp2_mp0!E9-l3_m1_lp2_mp0!W9) -> 0.0032500367 | I9: =ABS(l3_m1_lp2_mp0!E9-l3_m1_lp2_mp0!X9) -> 0.0032500365 | J9: =ABS(l3_m1_lp2_mp0!H9-l3_m1_lp2_mp0!I9) -> 0 | K9: =ABS(l3_m1_lp2_mp0!H9-l3_m1_lp2_mp0!J9) -> 0.0032500477 | L9: =ABS(l3_m1_lp2_mp0!H9-l3_m1_lp2_mp0!W9) -> 0.0032500367 | M9: =ABS(l3_m1_lp2_mp0!H9-l3_m1_lp2_mp0!X9) -> 0.0032500365 | N9: =ABS(l3_m1_lp2_mp0!K9-l3_m1_lp2_mp0!L9) -> 0 | O9: =ABS(l3_m1_lp2_mp0!K9-l3_m1_lp2_mp0!M9) -> 1.12e-08 | P9: =ABS(l3_m1_lp2_mp0!K9-l3_m1_lp2_mp0!W9) -> 2.0000002e-10 | Q9: =ABS(l3_m1_lp2_mp0!K9-l3_m1_lp2_mp0!X9) -> 0 | R9: =ABS(l3_m1_lp2_mp0!N9-l3_m1_lp2_mp0!O9) -> 0 | S9: =ABS(l3_m1_lp2_mp0!N9-l3_m1_lp2_mp0!P9) -> 1.12e-08 | T9: =ABS(l3_m1_lp2_mp0!N9-l3_m1_lp2_mp0!W9) -> 2.0000002e-10 | U9: =ABS(l3_m1_lp2_mp0!N9-l3_m1_lp2_mp0!X9) -> 0 | V9: =ABS(l3_m1_lp2_mp0!Q9-l3_m1_lp2_mp0!R9) -> 0 | W9: =ABS(l3_m1_lp2_mp0!Q9-l3_m1_lp2_mp0!S9) -> 1.12e-08 | X9: =ABS(l3_m1_lp2_mp0!Q9-l3_m1_lp2_mp0!W9) -> 2.0000002e-10 | Y9: =ABS(l3_m1_lp2_mp0!Q9-l3_m1_lp2_mp0!X9) -> 0 | Z9: =ABS(l3_m1_lp2_mp0!T9-l3_m1_lp2_mp0!U9) -> 0 | AA9: =ABS(l3_m1_lp2_mp0!T9-l3_m1_lp2_mp0!V9) -> 1.12e-08 | AB9: =ABS(l3_m1_lp2_mp0!T9-l3_m1_lp2_mp0!W9) -> 2.0000002e-10 | AC9: =ABS(l3_m1_lp2_mp0!T9-l3_m1_lp2_mp0!X9) -> 0
A10: 1.4 | B10: =ABS(l3_m1_lp2_mp0!B10-l3_m1_lp2_mp0!C10) -> 0 | C10: =ABS(l3_m1_lp2_mp0!B10-l3_m1_lp2_mp0!D10) -> 0.12449243 | D10: =ABS(l3_m1_lp2_mp0!B10-l3_m1_lp2_mp0!W10) -> 0.12449243 | E10: =ABS(l3_m1_lp2_mp0!B10-l3_m1_lp2_mp0!X10) -> 0.12449243 | F10: =ABS(l3_m1_lp2_mp0!E10-l3_m1_lp2_mp0!F10) -> 0 | G10: =ABS(l3_m1_lp2_mp0!E10-l3_m1_lp2_mp0!G10) -> 0.0059039262 | H10: =ABS(l3_m1_lp2_mp0!E10-l3_m1_lp2_mp0!W10) -> 0.0059039211 | I10: =ABS(l3_m1_lp2_mp0!E10-l3_m1_lp2_mp0!X10) -> 0.005903921 | J10: =ABS(l3_m1_lp2_mp0!H10-l3_m1_lp2_mp0!I10) -> 0 | K10: =ABS(l3_m1_lp2_mp0!H10-l3_m1_lp2_mp0!J10) -> 0.0059039262 | L10: =ABS(l3_m1_lp2_mp0!H10-l3_m1_lp2_mp0!W10) -> 0.0059039211 | M10: =ABS(l3_m1_lp2_mp0!H10-l3_m1_lp2_mp0!X10) -> 0.005903921 | N10: =ABS(l3_m1_lp2_mp0!K10-l3_m1_lp2_mp0!L10) -> 0 | O10: =ABS(l3_m1_lp2_mp0!K10-l3_m1_lp2_mp0!M10) -> 5.2e-09 | P10: =ABS(l3_m1_lp2_mp0!K10-l3_m1_lp2_mp0!W10) -> 1.0000001e-10 | Q10: =ABS(l3_m1_lp2_mp0!K10-l3_m1_lp2_mp0!X10) -> 0 | R10: =ABS(l3_m1_lp2_mp0!N10-l3_m1_lp2_mp0!O10) -> 0 | S10: =ABS(l3_m1_lp2_mp0!N10-l3_m1_lp2_mp0!P10) -> 5.2e-09 | T10: =ABS(l3_m1_lp2_mp0!N10-l3_m1_lp2_mp0!W10) -> 1.0000001e-10 | U10: =ABS(l3_m1_lp2_mp0!N10-l3_m1_lp2_mp0!X10) -> 0 | V10: =ABS(l3_m1_lp2_mp0!Q10-l3_m1_lp2_mp0!R10) -> 0 | W10: =ABS(l3_m1_lp2_mp0!Q10-l3_m1_lp2_mp0!S10) -> 5.2e-09 | X10: =ABS(l3_m1_lp2_mp0!Q10-l3_m1_lp2_mp0!W10) -> 1.0000001e-10 | Y10: =ABS(l3_m1_lp2_mp0!Q10-l3_m1_lp2_mp0!X10) -> 0 | Z10: =ABS(l3_m1_lp2_mp0!T10-l3_m1_lp2_mp0!U10) -> 0 | AA10: =ABS(l3_m1_lp2_mp0!T10-l3_m1_lp2_mp0!V10) -> 5.2e-09 | AB10: =ABS(l3_m1_lp2_mp0!T10-l3_m1_lp2_mp0!W10) -> 1.0000001e-10 | AC10: =ABS(l3_m1_lp2_mp0!T10-l3_m1_lp2_mp0!X10) -> 0
A11: 1.6 | B11: =ABS(l3_m1_lp2_mp0!B11-l3_m1_lp2_mp0!C11) -> 0 | C11: =ABS(l3_m1_lp2_mp0!B11-l3_m1_lp2_mp0!D11) -> 0.15305686 | D11: =ABS(l3_m1_lp2_mp0!B11-l3_m1_lp2_mp0!W11) -> 0.15305685 | E11: =ABS(l3_m1_lp2_mp0!B11-l3_m1_lp2_mp0!X11) -> 0.15305685 | F11: =ABS(l3_m1_lp2_mp0!E11-l3_m1_lp2_mp0!F11) -> 0 | G11: =ABS(l3_m1_lp2_mp0!E11-l3_m1_lp2_mp0!G11) -> 0.0098453016 | H11: =ABS(l3_m1_lp2_mp0!E11-l3_m1_lp2_mp0!W11) -> 0.0098453025 | I11: =ABS(l3_m1_lp2_mp0!E11-l3_m1_lp2_mp0!X11) -> 0.0098453025 | J11: =ABS(l3_m1_lp2_mp0!H11-l3_m1_lp2_mp0!I11) -> 0 | K11: =ABS(l3_m1_lp2_mp0!H11-l3_m1_lp2_mp0!J11) -> 0.0098453016 | L11: =ABS(l3_m1_lp2_mp0!H11-l3_m1_lp2_mp0!W11) -> 0.0098453025 | M11: =ABS(l3_m1_lp2_mp0!H11-l3_m1_lp2_mp0!X11) -> 0.0098453025 | N11: =ABS(l3_m1_lp2_mp0!K11-l3_m1_lp2_mp0!L11) -> 0 | O11: =ABS(l3_m1_lp2_mp0!K11-l3_m1_lp2_mp0!M11) -> 9.0000002e-10 | P11: =ABS(l3_m1_lp2_mp0!K11-l3_m1_lp2_mp0!W11) -> 0 | Q11: =ABS(l3_m1_lp2_mp0!K11-l3_m1_lp2_mp0!X11) -> 0 | R11: =ABS(l3_m1_lp2_mp0!N11-l3_m1_lp2_mp0!O11) -> 0 | S11: =ABS(l3_m1_lp2_mp0!N11-l3_m1_lp2_mp0!P11) -> 9.0000002e-10 | T11: =ABS(l3_m1_lp2_mp0!N11-l3_m1_lp2_mp0!W11) -> 0 | U11: =ABS(l3_m1_lp2_mp0!N11-l3_m1_lp2_mp0!X11) -> 0 | V11: =ABS(l3_m1_lp2_mp0!Q11-l3_m1_lp2_mp0!R11) -> 0 | W11: =ABS(l3_m1_lp2_mp0!Q11-l3_m1_lp2_mp0!S11) -> 9.0000002e-10 | X11: =ABS(l3_m1_lp2_mp0!Q11-l3_m1_lp2_mp0!W11) -> 0 | Y11: =ABS(l3_m1_lp2_mp0!Q11-l3_m1_lp2_mp0!X11) -> 0 | Z11: =ABS(l3_m1_lp2_mp0!T11-l3_m1_lp2_mp0!U11) -> 0 | AA11: =ABS(l3_m1_lp2_mp0!T11-l3_m1_lp2_mp0!V11) -> 9.0000002e-10 | AB11: =ABS(l3_m1_lp2_mp0!T11-l3_m1_lp2_mp0!W11) -> 0 | AC11: =ABS(l3_m1_lp2_mp0!T11-l3_m1_lp2_mp0!X11) -> 0
A12: 1.8 | B12: =ABS(l3_m1_lp2_mp0!B12-l3_m1_lp2_mp0!C12) -> 0 | C12: =ABS(l3_m1_lp2_mp0!B12-l3_m1_lp2_mp0!D12) -> 0.18055598 | D12: =ABS(l3_m1_lp2_mp0!B12-l3_m1_lp2_mp0!W12) -> 0.18055597 | E12: =ABS(l3_m1_lp2_mp0!B12-l3_m1_lp2_mp0!X12) -> 0.18055597 | F12: =ABS(l3_m1_lp2_mp0!E12-l3_m1_lp2_mp0!F12) -> 0 | G12: =ABS(l3_m1_lp2_mp0!E12-l3_m1_lp2_mp0!G12) -> 0.015367436 | H12: =ABS(l3_m1_lp2_mp0!E12-l3_m1_lp2_mp0!W12) -> 0.015367443 | I12: =ABS(l3_m1_lp2_mp0!E12-l3_m1_lp2_mp0!X12) -> 0.015367443 | J12: =ABS(l3_m1_lp2_mp0!H12-l3_m1_lp2_mp0!I12) -> 0 | K12: =ABS(l3_m1_lp2_mp0!H12-l3_m1_lp2_mp0!J12) -> 0.015367436 | L12: =ABS(l3_m1_lp2_mp0!H12-l3_m1_lp2_mp0!W12) -> 0.015367443 | M12: =ABS(l3_m1_lp2_mp0!H12-l3_m1_lp2_mp0!X12) -> 0.015367443 | N12: =ABS(l3_m1_lp2_mp0!K12-l3_m1_lp2_mp0!L12) -> 0 | O12: =ABS(l3_m1_lp2_mp0!K12-l3_m1_lp2_mp0!M12) -> 7e-09 | P12: =ABS(l3_m1_lp2_mp0!K12-l3_m1_lp2_mp0!W12) -> 9.9999953e-11 | Q12: =ABS(l3_m1_lp2_mp0!K12-l3_m1_lp2_mp0!X12) -> 0 | R12: =ABS(l3_m1_lp2_mp0!N12-l3_m1_lp2_mp0!O12) -> 0 | S12: =ABS(l3_m1_lp2_mp0!N12-l3_m1_lp2_mp0!P12) -> 7e-09 | T12: =ABS(l3_m1_lp2_mp0!N12-l3_m1_lp2_mp0!W12) -> 9.9999953e-11 | U12: =ABS(l3_m1_lp2_mp0!N12-l3_m1_lp2_mp0!X12) -> 0 | V12: =ABS(l3_m1_lp2_mp0!Q12-l3_m1_lp2_mp0!R12) -> 0 | W12: =ABS(l3_m1_lp2_mp0!Q12-l3_m1_lp2_mp0!S12) -> 7e-09 | X12: =ABS(l3_m1_lp2_mp0!Q12-l3_m1_lp2_mp0!W12) -> 9.9999953e-11 | Y12: =ABS(l3_m1_lp2_mp0!Q12-l3_m1_lp2_mp0!X12) -> 0 | Z12: =ABS(l3_m1_lp2_mp0!T12-l3_m1_lp2_mp0!U12) -> 0 | AA12: =ABS(l3_m1_lp2_mp0!T12-l3_m1_lp2_mp0!V12) -> 7e-09 | AB12: =ABS(l3_m1_lp2_mp0!T12-l3_m1_lp2_mp0!W12) -> 9.9999953e-11 | AC12: =ABS(l3_m1_lp2_mp0!T12-l3_m1_lp2_mp0!X12) -> 0
A13: 2 | B13: =ABS(l3_m1_lp2_mp0!B13-l3_m1_lp2_mp0!C13) -> 0 | C13: =ABS(l3_m1_lp2_mp0!B13-l3_m1_lp2_mp0!D13) -> 0.20555951 | D13: =ABS(l3_m1_lp2_mp0!B13-l3_m1_lp2_mp0!W13) -> 0.2055595 | E13: =ABS(l3_m1_lp2_mp0!B13-l3_m1_lp2_mp0!X13) -> 0.2055595 | F13: =ABS(l3_m1_lp2_mp0!E13-l3_m1_lp2_mp0!F13) -> 0 | G13: =ABS(l3_m1_lp2_mp0!E13-l3_m1_lp2_mp0!G13) -> 0.022751992 | H13: =ABS(l3_m1_lp2_mp0!E13-l3_m1_lp2_mp0!W13) -> 0.022752005 | I13: =ABS(l3_m1_lp2_mp0!E13-l3_m1_lp2_mp0!X13) -> 0.022752005 | J13: =ABS(l3_m1_lp2_mp0!H13-l3_m1_lp2_mp0!I13) -> 0 | K13: =ABS(l3_m1_lp2_mp0!H13-l3_m1_lp2_mp0!J13) -> 0.022751992 | L13: =ABS(l3_m1_lp2_mp0!H13-l3_m1_lp2_mp0!W13) -> 0.022752005 | M13: =ABS(l3_m1_lp2_mp0!H13-l3_m1_lp2_mp0!X13) -> 0.022752005 | N13: =ABS(l3_m1_lp2_mp0!K13-l3_m1_lp2_mp0!L13) -> 0 | O13: =ABS(l3_m1_lp2_mp0!K13-l3_m1_lp2_mp0!M13) -> 1.28e-08 | P13: =ABS(l3_m1_lp2_mp0!K13-l3_m1_lp2_mp0!W13) -> 2.0000002e-10 | Q13: =ABS(l3_m1_lp2_mp0!K13-l3_m1_lp2_mp0!X13) -> 0 | R13: =ABS(l3_m1_lp2_mp0!N13-l3_m1_lp2_mp0!O13) -> 0 | S13: =ABS(l3_m1_lp2_mp0!N13-l3_m1_lp2_mp0!P13) -> 1.28e-08 | T13: =ABS(l3_m1_lp2_mp0!N13-l3_m1_lp2_mp0!W13) -> 2.0000002e-10 | U13: =ABS(l3_m1_lp2_mp0!N13-l3_m1_lp2_mp0!X13) -> 0 | V13: =ABS(l3_m1_lp2_mp0!Q13-l3_m1_lp2_mp0!R13) -> 0 | W13: =ABS(l3_m1_lp2_mp0!Q13-l3_m1_lp2_mp0!S13) -> 1.28e-08 | X13: =ABS(l3_m1_lp2_mp0!Q13-l3_m1_lp2_mp0!W13) -> 2.0000002e-10 | Y13: =ABS(l3_m1_lp2_mp0!Q13-l3_m1_lp2_mp0!X13) -> 0 | Z13: =ABS(l3_m1_lp2_mp0!T13-l3_m1_lp2_mp0!U13) -> 0 | AA13: =ABS(l3_m1_lp2_mp0!T13-l3_m1_lp2_mp0!V13) -> 1.28e-08 | AB13: =ABS(l3_m1_lp2_mp0!T13-l3_m1_lp2_mp0!W13) -> 2.0000002e-10 | AC13: =ABS(l3_m1_lp2_mp0!T13-l3_m1_lp2_mp0!X13) -> 0
A14: 2.2 | B14: =ABS(l3_m1_lp2_mp0!B14-l3_m1_lp2_mp0!C14) -> 0 | C14: =ABS(l3_m1_lp2_mp0!B14-l3_m1_lp2_mp0!D14) -> 0.22667794 | D14: =ABS(l3_m1_lp2_mp0!B14-l3_m1_lp2_mp0!W14) -> 0.22667792 | E14: =ABS(l3_m1_lp2_mp0!B14-l3_m1_lp2_mp0!X14) -> 0.22667792 | F14: =ABS(l3_m1_lp2_mp0!E14-l3_m1_lp2_mp0!F14) -> 0 | G14: =ABS(l3_m1_lp2_mp0!E14-l3_m1_lp2_mp0!G14) -> 0.032254142 | H14: =ABS(l3_m1_lp2_mp0!E14-l3_m1_lp2_mp0!W14) -> 0.03225416 | I14: =ABS(l3_m1_lp2_mp0!E14-l3_m1_lp2_mp0!X14) -> 0.03225416 | J14: =ABS(l3_m1_lp2_mp0!H14-l3_m1_lp2_mp0!I14) -> 0 | K14: =ABS(l3_m1_lp2_mp0!H14-l3_m1_lp2_mp0!J14) -> 0.032254142 | L14: =ABS(l3_m1_lp2_mp0!H14-l3_m1_lp2_mp0!W14) -> 0.03225416 | M14: =ABS(l3_m1_lp2_mp0!H14-l3_m1_lp2_mp0!X14) -> 0.03225416 | N14: =ABS(l3_m1_lp2_mp0!K14-l3_m1_lp2_mp0!L14) -> 0 | O14: =ABS(l3_m1_lp2_mp0!K14-l3_m1_lp2_mp0!M14) -> 1.81e-08 | P14: =ABS(l3_m1_lp2_mp0!K14-l3_m1_lp2_mp0!W14) -> 3e-10 | Q14: =ABS(l3_m1_lp2_mp0!K14-l3_m1_lp2_mp0!X14) -> 0 | R14: =ABS(l3_m1_lp2_mp0!N14-l3_m1_lp2_mp0!O14) -> 0 | S14: =ABS(l3_m1_lp2_mp0!N14-l3_m1_lp2_mp0!P14) -> 1.81e-08 | T14: =ABS(l3_m1_lp2_mp0!N14-l3_m1_lp2_mp0!W14) -> 3e-10 | U14: =ABS(l3_m1_lp2_mp0!N14-l3_m1_lp2_mp0!X14) -> 0 | V14: =ABS(l3_m1_lp2_mp0!Q14-l3_m1_lp2_mp0!R14) -> 0 | W14: =ABS(l3_m1_lp2_mp0!Q14-l3_m1_lp2_mp0!S14) -> 1.81e-08 | X14: =ABS(l3_m1_lp2_mp0!Q14-l3_m1_lp2_mp0!W14) -> 3e-10 | Y14: =ABS(l3_m1_lp2_mp0!Q14-l3_m1_lp2_mp0!X14) -> 0 | Z14: =ABS(l3_m1_lp2_mp0!T14-l3_m1_lp2_mp0!U14) -> 0 | AA14: =ABS(l3_m1_lp2_mp0!T14-l3_m1_lp2_mp0!V14) -> 1.81e-08 | AB14: =ABS(l3_m1_lp2_mp0!T14-l3_m1_lp2_mp0!W14) -> 3e-10 | AC14: =ABS(l3_m1_lp2_mp0!T14-l3_m1_lp2_mp0!X14) -> 0
... A253: 50 | B253: =ABS(l3_m1_lp2_mp0!B253-l3_m1_lp2_mp0!C253) -> 0 | C253: =ABS(l3_m1_lp2_mp0!B253-l3_m1_lp2_mp0!D253) -> 0.02724411 | D253: =ABS(l3_m1_lp2_mp0!B253-l3_m1_lp2_mp0!W253) -> 0.027244139 | E253: =ABS(l3_m1_lp2_mp0!B253-l3_m1_lp2_mp0!X253) -> 0.02724414 | F253: =ABS(l3_m1_lp2_mp0!E253-l3_m1_lp2_mp0!F253) -> 0 | G253: =ABS(l3_m1_lp2_mp0!E253-l3_m1_lp2_mp0!G253) -> 0.0225464 | H253: =ABS(l3_m1_lp2_mp0!E253-l3_m1_lp2_mp0!W253) -> 0.022546429 | I253: =ABS(l3_m1_lp2_mp0!E253-l3_m1_lp2_mp0!X253) -> 0.02254643 | J253: =ABS(l3_m1_lp2_mp0!H253-l3_m1_lp2_mp0!I253) -> 0 | K253: =ABS(l3_m1_lp2_mp0!H253-l3_m1_lp2_mp0!J253) -> 0.0225464 | L253: =ABS(l3_m1_lp2_mp0!H253-l3_m1_lp2_mp0!W253) -> 0.022546429 | M253: =ABS(l3_m1_lp2_mp0!H253-l3_m1_lp2_mp0!X253) -> 0.02254643 | N253: =ABS(l3_m1_lp2_mp0!K253-l3_m1_lp2_mp0!L253) -> 0 | O253: =ABS(l3_m1_lp2_mp0!K253-l3_m1_lp2_mp0!M253) -> 0.0003872084 | P253: =ABS(l3_m1_lp2_mp0!K253-l3_m1_lp2_mp0!W253) -> 0.0003871792 | Q253: =ABS(l3_m1_lp2_mp0!K253-l3_m1_lp2_mp0!X253) -> 0.0003871787 | R253: =ABS(l3_m1_lp2_mp0!N253-l3_m1_lp2_mp0!O253) -> 0 | S253: =ABS(l3_m1_lp2_mp0!N253-l3_m1_lp2_mp0!P253) -> 0.0001786137 | T253: =ABS(l3_m1_lp2_mp0!N253-l3_m1_lp2_mp0!W253) -> 0.0001786429 | U253: =ABS(l3_m1_lp2_mp0!N253-l3_m1_lp2_mp0!X253) -> 0.0001786434 | V253: =ABS(l3_m1_lp2_mp0!Q253-l3_m1_lp2_mp0!R253) -> 0 | W253: =ABS(l3_m1_lp2_mp0!Q253-l3_m1_lp2_mp0!S253) -> 5.99567e-05 | X253: =ABS(l3_m1_lp2_mp0!Q253-l3_m1_lp2_mp0!W253) -> 5.99859e-05 | Y253: =ABS(l3_m1_lp2_mp0!Q253-l3_m1_lp2_mp0!X253) -> 5.99864e-05 | Z253: =ABS(l3_m1_lp2_mp0!T253-l3_m1_lp2_mp0!U253) -> 0 | AA253: =ABS(l3_m1_lp2_mp0!T253-l3_m1_lp2_mp0!V253) -> 2.97e-08 | AB253: =ABS(l3_m1_lp2_mp0!T253-l3_m1_lp2_mp0!W253) -> 5e-10 | AC253: =ABS(l3_m1_lp2_mp0!T253-l3_m1_lp2_mp0!X253) -> 0

Sheet delta kmax
B1: kmax1 | C1: kmax2 | D1: kmax3 | E1: kmax30 | F1: kmax40 | G1: kmax50 | H1: kmax100 | I1: maxdegree10 | J1: tanh-sinh | K1: A1 | L1: A1 | M1: A1
A2: a | B2: A1 (Re) | C2: A1 (Re) | D2: A1 (Re) | E2: A1 (Re) | F2: A1 (Re) | G2: A1 (Re) | H2: A1 (Re) | I2: Num (Re) | J2: Num (Re) | K2: |100 -50| | L2: |100 - 40| | M2: |100 - 30|
A3: 0 | B3: -1.0308351 | C3: -1.0308351 | D3: -1.0308351 | E3: -1.0308351 | F3: -1.0308351 | G3: -1.0308351 | H3: -1.0308351 | I3: -1.0308351 | J3: -1.0308351 | K3: =ABS(H3-G3) -> 0 | L3: =ABS(H3-F3) -> 0 | M3: =ABS(H3-E3) -> 0
A4: 0.2 | B4: -1.0239766 | C4: -1.0209174 | D4: -1.0209174 | E4: -1.02092 | F4: -1.02092 | G4: -1.02092 | H4: -1.02092 | I4: -1.02092 | J4: -1.02092 | K4: =ABS(H4-G4) -> 0 | L4: =ABS(H4-F4) -> 0 | M4: =ABS(H4-E4) -> 0
A5: 0.4 | B5: -1.0035652 | C5: -0.99143301 | D5: -0.99143301 | E5: -0.99147511 | F5: -0.99147511 | G5: -0.99147511 | H5: -0.99147511 | I5: -0.99147511 | J5: -0.99147511 | K5: =ABS(H5-G5) -> 0 | L5: =ABS(H5-F5) -> 0 | M5: =ABS(H5-E5) -> 0
A6: 0.6 | B6: -0.97008879 | C6: -0.94318009 | D6: -0.94318009 | E6: -0.94339164 | F6: -0.94339164 | G6: -0.94339164 | H6: -0.94339164 | I6: -0.94339164 | J6: -0.94339164 | K6: =ABS(H6-G6) -> 0 | L6: =ABS(H6-F6) -> 0 | M6: =ABS(H6-E6) -> 0
A7: 0.8 | B7: -0.92434479 | C7: -0.87746189 | D7: -0.87746189 | E7: -0.8781235 | F7: -0.8781235 | G7: -0.8781235 | H7: -0.8781235 | I7: -0.8781235 | J7: -0.8781235 | K7: =ABS(H7-G7) -> 0 | L7: =ABS(H7-F7) -> 0 | M7: =ABS(H7-E7) -> 0
A8: 1 | B8: -0.86741782 | C8: -0.79604738 | D8: -0.79604738 | E8: -0.79764093 | F8: -0.79764093 | G8: -0.79764093 | H8: -0.79764093 | I8: -0.79764093 | J8: -0.79764093 | K8: =ABS(H8-G8) -> 0 | L8: =ABS(H8-F8) -> 0 | M8: =ABS(H8-E8) -> 0
A9: 1.2 | B9: -0.80064883 | C9: -0.7011178 | D9: -0.7011178 | E9: -0.70436784 | F9: -0.70436784 | G9: -0.70436784 | H9: -0.70436784 | I9: -0.70436784 | J9: -0.70436784 | K9: =ABS(H9-G9) -> 0 | L9: =ABS(H9-F9) -> 0 | M9: =ABS(H9-E9) -> 0
A10: 1.4 | B10: -0.72559726 | C10: -0.5952009 | D10: -0.5952009 | E10: -0.60110482 | F10: -0.60110482 | G10: -0.60110482 | H10: -0.60110482 | I10: -0.60110482 | J10: -0.60110482 | K10: =ABS(H10-G10) -> 0 | L10: =ABS(H10-F10) -> 0 | M10: =ABS(H10-E10) -> 0
A11: 1.6 | B11: -0.64399722 | C11: -0.48109506 | D11: -0.48109506 | E11: -0.49094036 | F11: -0.49094036 | G11: -0.49094036 | H11: -0.49094036 | I11: -0.49094036 | J11: -0.49094036 | K11: =ABS(H11-G11) -> 0 | L11: =ABS(H11-F11) -> 0 | M11: =ABS(H11-E11) -> 0
A12: 1.8 | B12: -0.55770906 | C12: -0.36178565 | D12: -0.36178565 | E12: -0.37715309 | F12: -0.37715309 | G12: -0.37715309 | H12: -0.37715309 | I12: -0.37715309 | J12: -0.37715309 | K12: =ABS(H12-G12) -> 0 | L12: =ABS(H12-F12) -> 0 | M12: =ABS(H12-E12) -> 0
A13: 2 | B13: -0.46866785 | C13: -0.24035634 | D13: -0.24035634 | E13: -0.26310835 | F13: -0.26310835 | G13: -0.26310835 | H13: -0.26310835 | I13: -0.26310835 | J13: -0.26310835 | K13: =ABS(H13-G13) -> 0 | L13: =ABS(H13-F13) -> 0 | M13: =ABS(H13-E13) -> 0
A14: 2.2 | B14: -0.37883021 | C14: -0.11989813 | D14: -0.11989813 | E14: -0.15215229 | F14: -0.15215229 | G14: -0.15215229 | H14: -0.15215229 | I14: -0.15215229 | J14: -0.15215229 | K14: =ABS(H14-G14) -> 0 | L14: =ABS(H14-F14) -> 0 | M14: =ABS(H14-E14) -> 0
... A253: 50 | B253: 0.0054093041 | C253: 0.010107014 | D253: 0.010107014 | E253: 0.033040622 | F253: 0.0324748 | G253: 0.032593457 | H253: 0.032653444 | I253: 0.032653443 | J253: 0.032653444 | K253: =ABS(H253-G253) -> 5.99864e-05 | L253: =ABS(H253-F253) -> 0.0001786434 | M253: =ABS(H253-E253) -> 0.0003871787

Sheet delta Cauchy
B1: kmaxAuto | C1: kmaxAuto | D1: kmaxAuto | E1: kmaxAuto | G1: kmaxAuto | H1: kmaxAuto | I1: kmaxAuto
A2: a | B2: A1 (Re) | C2: A2 (Re) | D2: M0 (Re) | E2: Num (Re) | G2: |A1 - A2| | H2: |A1 - Num| | I2: |Num - TS|
A3: 0 | B3: -1.0308351 | C3: -1.0308351 | D3: - | E3: -1.0308351 | G3: =ABS(B3-C3) -> 0 | H3: =ABS(B3-E3) -> 0 | I3: =ABS(E3-l3_m1_lp2_mp0!X3) -> 0
A4: 0.2 | B4: -1.02092 | C4: -1.02092 | D4: - | E4: -1.02092 | G4: =ABS(B4-C4) -> 0 | H4: =ABS(B4-E4) -> 0 | I4: =ABS(E4-l3_m1_lp2_mp0!X4) -> 0
A5: 0.4 | B5: -0.99147511 | C5: -0.99147511 | D5: - | E5: -0.99147511 | G5: =ABS(B5-C5) -> 0 | H5: =ABS(B5-E5) -> 0 | I5: =ABS(E5-l3_m1_lp2_mp0!X5) -> 0
A6: 0.6 | B6: -0.94339164 | C6: -0.94339164 | D6: - | E6: -0.94339164 | G6: =ABS(B6-C6) -> 0 | H6: =ABS(B6-E6) -> 0 | I6: =ABS(E6-l3_m1_lp2_mp0!X6) -> 0
A7: 0.8 | B7: -0.8781235 | C7: -0.8781235 | D7: - | E7: -0.8781235 | G7: =ABS(B7-C7) -> 0 | H7: =ABS(B7-E7) -> 0 | I7: =ABS(E7-l3_m1_lp2_mp0!X7) -> 0
A8: 1 | B8: -0.79764093 | C8: -0.79764093 | D8: - | E8: -0.79764093 | G8: =ABS(B8-C8) -> 0 | H8: =ABS(B8-E8) -> 0 | I8: =ABS(E8-l3_m1_lp2_mp0!X8) -> 0
A9: 1.2 | B9: -0.70436784 | C9: -0.70436784 | D9: - | E9: -0.70436784 | G9: =ABS(B9-C9) -> 0 | H9: =ABS(B9-E9) -> 0 | I9: =ABS(E9-l3_m1_lp2_mp0!X9) -> 0
A10: 1.4 | B10: -0.60110482 | C10: -0.60110482 | D10: - | E10: -0.60110482 | G10: =ABS(B10-C10) -> 0 | H10: =ABS(B10-E10) -> 0 | I10: =ABS(E10-l3_m1_lp2_mp0!X10) -> 0
A11: 1.6 | B11: -0.49094036 | C11: -0.49094036 | D11: - | E11: -0.49094036 | G11: =ABS(B11-C11) -> 0 | H11: =ABS(B11-E11) -> 0 | I11: =ABS(E11-l3_m1_lp2_mp0!X11) -> 0
A12: 1.8 | B12: -0.37715309 | C12: -0.37715309 | D12: - | E12: -0.37715309 | G12: =ABS(B12-C12) -> 0 | H12: =ABS(B12-E12) -> 0 | I12: =ABS(E12-l3_m1_lp2_mp0!X12) -> 0
A13: 2 | B13: -0.26310835 | C13: -0.26310835 | D13: - | E13: -0.26310835 | G13: =ABS(B13-C13) -> 0 | H13: =ABS(B13-E13) -> 0 | I13: =ABS(E13-l3_m1_lp2_mp0!X13) -> 0
A14: 2.2 | B14: -0.15215229 | C14: -0.15215229 | D14: - | E14: -0.15215229 | G14: =ABS(B14-C14) -> 0 | H14: =ABS(B14-E14) -> 0 | I14: =ABS(E14-l3_m1_lp2_mp0!X14) -> 0
... A253: 50 | B253: 0.032653444 | C253: 0.032653444 | D253: - | E253: 0.032653444 | G253: =ABS(B253-C253) -> 0 | H253: =ABS(B253-E253) -> 0 | I253: =ABS(E253-l3_m1_lp2_mp0!X253) -> 0
